{
  "MAE": 51062.63918333469,
  "RMSE": 64460.4904187259,
  "MAPE": 3.3097204661346225
}